/* ---!!! This Script will Create and Populate a Sales Database !!! ---
The first part creates the tables with the correct names, fields, and data types but without constraints...
*/
CREATE DATABASE SaleCoTest
GO

USE SaleCoTest
GO

CREATE TABLE [dbo].[ACCT_TRANSACTION](
	[ACCT_TRANS_NUM] [int] NULL,
	[ACCT_TRANS_DATE] [datetime] NULL,
	[CUST_NUMBER] [int] NULL,
	[ACCT_TRANS_TYPE] [nvarchar](255) NULL,
	[ACCT_TRANS_AMOUNT] [money] NULL,
);
GO

CREATE TABLE [dbo].[CUSTOMER](
	[CUST_NUMBER] [int] NULL,
	[CUST_LNAME] [nvarchar](255) NULL,
	[CUST_FNAME] [nvarchar](255) NULL,
	[CUST_INITIAL] [nvarchar](255) NULL,
	[CUST_AREACODE] [nvarchar](255) NULL,
  [CUST_PHONE] [nvarchar](255) NULL,
  [CUST_BALANCE] [nvarchar](255) NULL,
);
GO

CREATE TABLE [dbo].[INVOICE](
  [INV_NUMBER] [int] NULL,
	[CUST_NUMBER] [int] NULL,
	[INV_DATE] [datetime] NULL,
	[INV_SUBTOTAL] [money] NULL,
	[INV_TAX] [money] NULL,
	[INV_TOTAL] [money] NULL,
  [INV_PAY_TYPE] [nvarchar](255) NULL,
  [INV_PAY_AMOUNT] [money] NULL,
  [INV_BALANCE] [money] NULL,
);
GO

CREATE TABLE [dbo].[LINE](
  [INV_NUMBER] [int] NULL,
	[LINE_NUMBER] [int] NULL,
	[PROD_CODE] [nvarchar](255) NULL,
	[LINE_UNITS] [int] NULL,
	[LINE_PRICE] [money] NULL,
	[LINE_AMOUNT] [money] NULL,
);
GO

CREATE TABLE [dbo].[PRODUCT](
  [PROD_CODE] [nvarchar](255) NULL,
  [PROD_DESCRIPT] [nvarchar](255) NULL,
  [PROD_INDATE] [datetime] NULL,
  [PROD_QOH] [int] NULL,
	[PROD_MIN] [int] NULL,
	[PROD_PRICE] [money] NULL,
  [PROD_DISCOUNT] [decimal] NULL,
	[VEND_NUMBER] [int] NULL,
);
GO

CREATE TABLE [dbo].[VENDOR](
	[VEND_NUMBER] [int] NULL,
	[VEND_NAME] [nvarchar](255) NULL,
	[VEND_CONTACT] [nvarchar](255) NULL,
	[VEND_AREACODE] [nvarchar](255) NULL,
	[VEND_PHONE] [nvarchar](255) NULL,
  [VEND_STATE] [nvarchar](255) NULL,
  [VEND_ORDER] [nvarchar](255) NULL,
);
GO

/*This part will insert values into the tables we have created above
*/

INSERT INTO ACCT_TRANSACTION VALUES('10003','1/17/2018','10014','charge','329.66');
INSERT INTO ACCT_TRANSACTION VALUES('10004','1/17/2018','10011','charge','615.73');
INSERT INTO ACCT_TRANSACTION VALUES('10006','1/29/2018','10014','payment','329.66');
INSERT INTO ACCT_TRANSACTION VALUES('10007','1/18/2018','10016','charge','277.55');
GO

INSERT INTO CUSTOMER VALUES('10010','Ramas','Alfred','A','615','844-2573','0');
INSERT INTO CUSTOMER VALUES('10011','Dunne','Leona','K','713','894-1238','615.73');
INSERT INTO CUSTOMER VALUES('10012','Smith','Kathy','W','615','894-2285','0');
INSERT INTO CUSTOMER VALUES('10013','Olowski','Paul','F','615','894-2180','0');
INSERT INTO CUSTOMER VALUES('10014','Orlando','Myron','','615','222-1672','0');
INSERT INTO CUSTOMER VALUES('10015','O''Brian','Amy','B','713','442-3381','0');
INSERT INTO CUSTOMER VALUES('10016','Brown','James','G','615','297-1228','277.55');
INSERT INTO CUSTOMER VALUES('10017','Williams','George','','615','290-2556','0');
INSERT INTO CUSTOMER VALUES('10018','Farriss','Anne','G','713','382-7185','0');
INSERT INTO CUSTOMER VALUES('10019','Smith','Olette','K','615','297-3809','0');
GO

INSERT INTO INVOICE VALUES('1001','10014','1/16/2018','54.92','4.39','59.31','cc','59.31','0');
INSERT INTO INVOICE VALUES('1002','10011','1/16/2018','9.98','0.80','10.78','cash','10.78','0');
INSERT INTO INVOICE VALUES('1003','10012','1/16/2018','270.70','21.66','292.36','cc','292.36','0');
INSERT INTO INVOICE VALUES('1004','10011','1/17/2018','34.87','2.79','37.66','cc','37.66','0');
INSERT INTO INVOICE VALUES('1005','10018','1/17/2018','70.44','5.64','76.08','cc','76.08','0');
INSERT INTO INVOICE VALUES('1006','10014','1/17/2018','397.83','31.83','429.66','cred','100','329.66');
INSERT INTO INVOICE VALUES('1007','10015','1/17/2018','34.97','2.79','37.77','chk','37.77','0');
INSERT INTO INVOICE VALUES('1008','10011','1/17/2018','1033.08','82.65','1115.73','cred','500','615.73');
INSERT INTO INVOICE VALUES('1009','10016','1/18/2018','256.99','20.56','277.55','cred','0','277.55');
GO

INSERT INTO LINE VALUES('1001','1','13-Q2/P2','3','14.99','44.97');
INSERT INTO LINE VALUES('1001','2','23109-HB','1','9.95','9.95');
INSERT INTO LINE VALUES('1002','1','54778-2T','2','4.99','9.98');
INSERT INTO LINE VALUES('1003','1','2238/QPD','4','38.95','155.80');
INSERT INTO LINE VALUES('1003','2','1546-QQ2','1','39.95','39.95');
INSERT INTO LINE VALUES('1003','3','13-Q2/P2','5','14.99','74.95');
INSERT INTO LINE VALUES('1004','1','54778-2T','3','4.99','14.97');
INSERT INTO LINE VALUES('1004','2','23109-HB','2','9.95','19.90');
INSERT INTO LINE VALUES('1005','1','PVC23DRT','12','5.87','70.44');
INSERT INTO LINE VALUES('1006','1','SM-18277','3','6.99','20.97');
INSERT INTO LINE VALUES('1006','2','2232/QTY','1','109.92','109.92');
INSERT INTO LINE VALUES('1006','3','23109-HB','1','9.95','9.95');
INSERT INTO LINE VALUES('1006','4','89-WRE-Q','1','256.99','256.99');
INSERT INTO LINE VALUES('1007','1','13-Q2/P2','2','14.99','29.98');
INSERT INTO LINE VALUES('1007','2','54778-2T','1','4.99','4.99');
INSERT INTO LINE VALUES('1008','1','PVC23DRT','5','5.87','29.35');
INSERT INTO LINE VALUES('1008','2','WR3/TT3','4','119.95','479.80');
INSERT INTO LINE VALUES('1008','3','23109-HB','1','9.95','9.95');
INSERT INTO LINE VALUES('1008','4','89-WRE-Q','2','256.99','513.98');
INSERT INTO LINE VALUES('1009','1','89-WRE-Q','1','256.99','256.99');
GO

INSERT INTO PRODUCT VALUES('11QER/31','Power painter, 15 psi., 3-nozzle', '11/3/2017', '8', '5', '109.99', '0', '25595');
INSERT INTO PRODUCT VALUES('13-Q2/P2','7.25-in. pwr. saw blade', '12/13/2017', '32', '15', '14.99', '0.05', '21344');
INSERT INTO PRODUCT VALUES('14-Q1/L3','9.00-in. pwr. saw blade', '11/13/2017', '18', '12', '17.49', '0', '21344');
INSERT INTO PRODUCT VALUES('1546-QQ2','Hrd. cloth, 1/4-in., 2x50', '1/15/2018', '15', '8', '39.95', '0', '23119');
INSERT INTO PRODUCT VALUES('1558-QW1','Hrd. cloth, 1/2-in., 3x50', '1/15/2018', '23', '5', '43.99', '0', '23119');
INSERT INTO PRODUCT VALUES('2232/QTY','B&D jigsaw, 12-in. blade', '12/30/2017', '8', '5', '109.92', '0.05', '24288');
INSERT INTO PRODUCT VALUES('2232/QWE','B&D jigsaw, 8-in. blade', '12/24/2017', '6', '5', '99.87', '0.05', '24288');
INSERT INTO PRODUCT VALUES('2238/QPD','B&D cordless drill, 1/2-in.', '1/20/2018', '12', '5', '38.95', '0.05', '25595');
INSERT INTO PRODUCT VALUES('23109-HB','Claw hammer', '1/20/2018', '23', '10', '9.95', '0.1', '21225');
INSERT INTO PRODUCT VALUES('23114-AA','Sledge hammer, 12 lb.', '1/2/2018', '8', '5', '14.40', '0.05', '');
INSERT INTO PRODUCT VALUES('54778-2T','Rat-tail file, 1/8-in. fine', '12/15/2017', '43', '20', '4.99', '0', '21344');
INSERT INTO PRODUCT VALUES('89-WRE-Q','Hicut chain saw, 16 in.', '1/7/2018', '11', '5', '256.99', '0.05', '24288');
INSERT INTO PRODUCT VALUES('PVC23DRT','PVC pipe, 3.5-in., 8-ft', '1/6/2018', '188', '75', '5.87', '0', '');
INSERT INTO PRODUCT VALUES('SM-18277','1.25-in. metal screw, 25', '3/1/2018', '172', '75', '6.99', '0', '21225');
INSERT INTO PRODUCT VALUES('SW-23116','2.5-in. wd. screw, 50', '2/24/2018', '237', '100', '8.45', '0', '21231');
INSERT INTO PRODUCT VALUES('WR3/TT3','Steel matting, 4''x8''x1/6", .5" mesh', '1/17/2018', '18', '5', '119.95', '0.1', '25595');
GO

INSERT INTO VENDOR VALUES('21225','Bryson, Inc.','Smithson','615','223-3234','TN','Y');
INSERT INTO VENDOR VALUES('21226','SuperLoo, Inc.','Flushing','904','215-8995','FL','N');
INSERT INTO VENDOR VALUES('21231','D&E Supply','Singh','615','228-3245','TN','Y');
INSERT INTO VENDOR VALUES('21344','Gomez Bros.','Ortega','615','889-2546','KY','N');
INSERT INTO VENDOR VALUES('22567','Dome Supply','Smith','901','678-1419','GA','N');
INSERT INTO VENDOR VALUES('23119','Randsets Ltd.','Anderson','901','678-3998','GA','Y');
INSERT INTO VENDOR VALUES('24004','Brackman Bros.','Browning','615','228-1410','TN','N');
INSERT INTO VENDOR VALUES('24288','ORDVA, Inc.','Hakford','615','898-1234','TN','Y');
INSERT INTO VENDOR VALUES('25443','B&K, Inc.','Smith','904','227-0093','FL','N');
INSERT INTO VENDOR VALUES('25501','Damal Supplies','Smythe','615','890-3529','TN','N');
INSERT INTO VENDOR VALUES('25595','Rubicon Systems','Orton','904','456-0092','FL','Y');
GO

/* This will update the 0 values for our FK field in the PRODUCT TABLE, VEND_NUMBER to NULL allowing FK constraints
*/
UPDATE PRODUCT SET VEND_NUMBER = NULL WHERE VEND_NUMBER = 0;
/* This part will then alter the tables to give them their NOT NULL constraints...
*/
ALTER TABLE [dbo].[ACCT_TRANSACTION]
ALTER COLUMN [ACCT_TRANS_NUM] [int] NOT NULL;
GO

ALTER TABLE [dbo].[CUSTOMER]
ALTER COLUMN [CUST_NUMBER] [int] NOT NULL;
GO

ALTER TABLE [dbo].[INVOICE]
ALTER COLUMN [INV_NUMBER] [int] NOT NULL;
GO

ALTER TABLE [dbo].[LINE]
ALTER COLUMN [INV_NUMBER] [int] NOT NULL;
GO

ALTER TABLE [dbo].[LINE]
ALTER COLUMN [LINE_NUMBER] [int] NOT NULL;

ALTER TABLE [dbo].[PRODUCT]
ALTER COLUMN [PROD_CODE] [nvarchar](255) NOT NULL;
GO

ALTER TABLE [dbo].[VENDOR]
ALTER COLUMN [VEND_NUMBER] [int] NOT NULL;
GO

/* This part will then alter the tables to impose the correct key constraints...
*/

ALTER TABLE [dbo].[ACCT_TRANSACTION]  WITH CHECK ADD  CONSTRAINT [PK_ACCT_TRANS_NUM] PRIMARY KEY([ACCT_TRANS_NUM])
GO

ALTER TABLE [dbo].[CUSTOMER]  WITH CHECK ADD  CONSTRAINT [PK_CUST_NUMBER] PRIMARY KEY([CUST_NUMBER])
GO

ALTER TABLE [dbo].[INVOICE]  WITH CHECK ADD  CONSTRAINT [PK_INV_NUMBER] PRIMARY KEY([INV_NUMBER])
GO

ALTER TABLE [dbo].[LINE] ADD CONSTRAINT [PK_LINE_INV_NUMBER] PRIMARY KEY CLUSTERED
(
 [INV_NUMBER],
 [LINE_NUMBER]
)
GO

ALTER TABLE [dbo].[PRODUCT]  WITH CHECK ADD  CONSTRAINT [PK_PROD_CODE] PRIMARY KEY([PROD_CODE])
GO

ALTER TABLE [dbo].[VENDOR]  WITH CHECK ADD  CONSTRAINT [PK_VEND_NUMBER] PRIMARY KEY([VEND_NUMBER])
GO

ALTER TABLE [dbo].[ACCT_TRANSACTION]  WITH CHECK ADD  CONSTRAINT [FK_ACCT_CUST_NUMBER] FOREIGN KEY([CUST_NUMBER])
REFERENCES [dbo].[CUSTOMER] ([CUST_NUMBER])
ON UPDATE CASCADE
ON DELETE CASCADE
GO


ALTER TABLE [dbo].[INVOICE]  WITH CHECK ADD  CONSTRAINT [FK_CUST_NUMBER] FOREIGN KEY([CUST_NUMBER])
REFERENCES [dbo].[CUSTOMER] ([CUST_NUMBER])
ON UPDATE CASCADE
ON DELETE CASCADE
GO

ALTER TABLE [dbo].[LINE]  WITH CHECK ADD  CONSTRAINT [FK_LINE_INV_NUMBER] FOREIGN KEY([INV_NUMBER])
REFERENCES [dbo].[INVOICE] ([INV_NUMBER])
ON UPDATE CASCADE
ON DELETE CASCADE
GO

ALTER TABLE [dbo].[LINE] CHECK CONSTRAINT [FK_LINE_INV_NUMBER]
GO

ALTER TABLE [dbo].[LINE]  WITH CHECK ADD  CONSTRAINT [FK_PROD_CODE] FOREIGN KEY([PROD_CODE])
REFERENCES [dbo].[PRODUCT] ([PROD_CODE])
ON UPDATE CASCADE
ON DELETE CASCADE
GO

ALTER TABLE [dbo].[PRODUCT]  WITH CHECK ADD  CONSTRAINT [FK_PROD_VENDER] FOREIGN KEY([VEND_NUMBER])
REFERENCES [dbo].[VENDOR] ([VEND_NUMBER])
ON UPDATE CASCADE
ON DELETE CASCADE
GO


USE [SaleCoTest]
GO

CREATE VIEW [dbo].[vwCustomerInvoiceTransactionsGroupByCustomer]
AS
SELECT CUSTOMER.CUST_NUMBER, CUSTOMER.CUST_LNAME, INVOICE.INV_NUMBER, INVOICE.INV_DATE, INVOICE.INV_TOTAL, INVOICE.INV_PAY_AMOUNT, INVOICE.INV_PAY_TYPE, INVOICE.INV_BALANCE
FROM CUSTOMER INNER JOIN INVOICE ON CUSTOMER.CUST_NUMBER = INVOICE.CUST_NUMBER;
GO

USE [SaleCoTest]
GO

CREATE VIEW [dbo].[vwListPurchasesGroupByCustomer]
AS
SELECT CUSTOMER.CUST_NUMBER, CUSTOMER.CUST_LNAME, INVOICE.INV_NUMBER, LINE.LINE_NUMBER, LINE.PROD_CODE, LINE.LINE_UNITS, PRODUCT.PROD_DESCRIPT
FROM CUSTOMER INNER JOIN (INVOICE INNER JOIN (PRODUCT INNER JOIN LINE ON PRODUCT.PROD_CODE = LINE.PROD_CODE) ON INVOICE.INV_NUMBER = LINE.INV_NUMBER) ON CUSTOMER.CUST_NUMBER = INVOICE.CUST_NUMBER;
GO
